ts,rf_top_class,ssc_state,ssc_intent,hard_stop,soft_bypass,nav_mode,final_action,cam_ok_count,cam_expected,dist_m,label,expected,decision_ok
1772076053.851,harvestable,Bypass,Bypass,0,0,SEARCH_ROUTE,CLIP:SCOOP_DUMP:APPROACH_POSE,1,1,,harvestable,APPROACH_OR_HARVEST,1
1772076054.232,harvestable,Bypass,Bypass,0,0,SEARCH_ROUTE,CLIP:SCOOP_DUMP:APPROACH_POSE,1,1,,harvestable,APPROACH_OR_HARVEST,1
1772076054.581,Bypass,Bypass,Bypass,0,0,SEARCH_ROUTE,CLIP:SCOOP_DUMP:APPROACH_POSE,1,1,,bypass,SEARCH_ROUTE,1
1772076054.871,harvestable,Bypass,Bypass,0,0,SEARCH_ROUTE,CLIP:SCOOP_DUMP:APPROACH_POSE,1,1,0.896,harvestable,APPROACH_OR_HARVEST,1
1772076055.140,harvestable,Bypass,Bypass,0,0,SEARCH_ROUTE,CLIP:SCOOP_DUMP:SCOOP,1,1,0.896,harvestable,APPROACH_OR_HARVEST,1
1772076055.445,harvestable,Bypass,Bypass,0,0,SEARCH_ROUTE,CLIP:SCOOP_DUMP:SCOOP,1,1,0.894,harvestable,APPROACH_OR_HARVEST,1
1772076055.717,harvestable,Bypass,Bypass,0,0,SEARCH_ROUTE,CLIP:SCOOP_DUMP:SCOOP,1,1,0.895,harvestable,APPROACH_OR_HARVEST,1
1772076056.052,harvestable,Bypass,Bypass,0,0,SEARCH_ROUTE,CLIP:SCOOP_DUMP:SCOOP,1,1,0.896,harvestable,APPROACH_OR_HARVEST,1
1772076056.341,harvestable,Bypass,Bypass,0,0,SEARCH_ROUTE,CLIP:SCOOP_DUMP:SCOOP,1,1,0.895,harvestable,APPROACH_OR_HARVEST,1
1772076056.621,harvestable,Bypass,Bypass,0,0,SEARCH_ROUTE,CLIP:SCOOP_DUMP:LIFT,1,1,0.897,harvestable,APPROACH_OR_HARVEST,1
1772076056.881,harvestable,Bypass,Bypass,0,0,SEARCH_ROUTE,CLIP:SCOOP_DUMP:LIFT,1,1,0.895,harvestable,APPROACH_OR_HARVEST,1
1772076057.172,harvestable,Bypass,Bypass,0,0,SEARCH_ROUTE,CLIP:SCOOP_DUMP:LIFT,1,1,0.895,harvestable,APPROACH_OR_HARVEST,1
1772076057.445,harvestable,Bypass,Bypass,0,0,SEARCH_ROUTE,CLIP:SCOOP_DUMP:LIFT,1,1,0.895,harvestable,APPROACH_OR_HARVEST,1
1772076057.733,harvestable,Bypass,Bypass,0,0,SEARCH_ROUTE,CLIP:SCOOP_DUMP:DUMP,1,1,0.897,harvestable,APPROACH_OR_HARVEST,1
1772076057.999,harvestable,Bypass,Bypass,0,0,SEARCH_ROUTE,CLIP:SCOOP_DUMP:DUMP,1,1,0.895,harvestable,APPROACH_OR_HARVEST,1
1772076058.287,harvestable,Bypass,Bypass,0,0,SEARCH_ROUTE,CLIP:SCOOP_DUMP:DUMP,1,1,0.895,harvestable,APPROACH_OR_HARVEST,1
1772076058.569,object hazards,Bypass,Bypass,0,0,GO_HOME,CLIP:CURL_UP:CURL,1,1,0.896,object_hazard,GO_HOME,1
1772076058.874,harvestable,Bypass,Bypass,0,0,SEARCH_ROUTE,CLIP:CURL_UP:CURL,1,1,0.895,harvestable,APPROACH_OR_HARVEST,0
1772076059.214,harvestable,Bypass,Bypass,0,0,SEARCH_ROUTE,CLIP:CURL_UP:CURL,1,1,0.894,harvestable,APPROACH_OR_HARVEST,0
1772076059.485,harvestable,Bypass,Bypass,0,0,SEARCH_ROUTE,CLIP:CURL_UP:CURL,1,1,0.897,harvestable,APPROACH_OR_HARVEST,0
1772076059.764,object hazards,Bypass,Bypass,0,0,GO_HOME,CLIP:CURL_UP:CURL,1,1,0.897,object_hazard,GO_HOME,1
1772076060.068,object hazards,Bypass,Bypass,0,0,GO_HOME,CLIP:CURL_UP:TUCK,1,1,0.895,object_hazard,GO_HOME,1
1772076060.336,object hazards,Bypass,Bypass,0,0,GO_HOME,CLIP:CURL_UP:TUCK,1,1,0.896,object_hazard,GO_HOME,1
1772076060.601,object hazards,Bypass,Bypass,0,0,GO_HOME,CLIP:CURL_UP:TUCK,1,1,0.897,object_hazard,GO_HOME,1
1772076060.889,harvestable,Bypass,Bypass,0,0,SEARCH_ROUTE,CLIP:CURL_UP:TUCK,1,1,0.897,harvestable,APPROACH_OR_HARVEST,0
1772076061.178,harvestable,Bypass,Bypass,0,0,SEARCH_ROUTE,CLIP:CURL_UP:CURL_UP_DONE,1,1,0.897,harvestable,APPROACH_OR_HARVEST,0
1772076061.477,harvestable,Bypass,Bypass,0,0,SEARCH_ROUTE,CLIP:CURL_UP:IDLE,1,1,0.897,harvestable,APPROACH_OR_HARVEST,0
1772076061.778,harvestable,Bypass,Bypass,0,0,SEARCH_ROUTE,CLIP:CURL_UP:IDLE,1,1,0.896,harvestable,APPROACH_OR_HARVEST,0
1772076062.085,object hazards,Bypass,Bypass,0,0,GO_HOME,CLIP:CURL_UP:IDLE,1,1,0.897,object_hazard,GO_HOME,1
1772076062.343,object hazards,Bypass,Bypass,0,0,GO_HOME,CLIP:CURL_UP:IDLE,1,1,0.897,object_hazard,GO_HOME,1
1772076062.586,harvestable,Bypass,Bypass,0,0,SEARCH_ROUTE,CLIP:SCOOP_DUMP:APPROACH_POSE,1,1,0.897,harvestable,APPROACH_OR_HARVEST,1
1772076062.849,harvestable,Bypass,Bypass,0,0,SEARCH_ROUTE,CLIP:SCOOP_DUMP:APPROACH_POSE,1,1,0.897,harvestable,APPROACH_OR_HARVEST,1
1772076063.104,harvestable,Bypass,Bypass,0,0,SEARCH_ROUTE,CLIP:SCOOP_DUMP:APPROACH_POSE,1,1,0.897,harvestable,APPROACH_OR_HARVEST,1
1772076063.373,harvestable,Bypass,Bypass,0,0,SEARCH_ROUTE,CLIP:SCOOP_DUMP:APPROACH_POSE,1,1,0.897,harvestable,APPROACH_OR_HARVEST,1
1772076063.640,harvestable,Bypass,Bypass,0,0,SEARCH_ROUTE,CLIP:SCOOP_DUMP:APPROACH_POSE,1,1,0.897,harvestable,APPROACH_OR_HARVEST,1
1772076063.884,harvestable,Bypass,Bypass,0,0,SEARCH_ROUTE,CLIP:SCOOP_DUMP:SCOOP,1,1,0.897,harvestable,APPROACH_OR_HARVEST,1
1772076064.136,harvestable,Bypass,Bypass,0,0,SEARCH_ROUTE,CLIP:SCOOP_DUMP:SCOOP,1,1,0.897,harvestable,APPROACH_OR_HARVEST,1
